{
  "able_hakuba_goryu": {
    "center": [
      137.830288,
      36.66408
    ],
    "zoom": 11.5,
    "pitch": 75,
    "bearing": 229.6
  },
  "afton_alps": {
    "center": [
      -92.782672,
      44.858669
    ],
    "zoom": 13.5,
    "pitch": 58.0,
    "bearing": 262.4
  },
  "alpine_valley": {
    "center": [
      -81.262336,
      41.528528
    ],
    "zoom": 14.5,
    "pitch": 57.3,
    "bearing": 309.7
  },
  "alta": {
    "center": [
      -111.61878,
      40.588289
    ],
    "zoom": 11.5,
    "pitch": 60.2,
    "bearing": 172.9
  },
  "alyeska": {
    "center": [
      -149.115098,
      60.966928
    ],
    "zoom": 12.5,
    "pitch": 60.9,
    "bearing": 120.0
  },
  "andermatt-sedrun": {
    "center": [
      8.598852,
      46.627475
    ],
    "zoom": 11.5,
    "pitch": 57.6,
    "bearing": 164.1
  },
  "arapahoe_basin": {
    "center": [
      -105.892185,
      39.649735
    ],
    "zoom": 11.5,
    "pitch": 68.1,
    "bearing": 163.5
  },
  "aspen_highlands": {
    "center": [
      -106.852389,
      39.18388
    ],
    "zoom": 11.5,
    "pitch": 64.0,
    "bearing": 201.7
  },
  "aspen_mountain": {
    "center": [
      -106.835541,
      39.188804
    ],
    "zoom": 11.5,
    "pitch": 65.7,
    "bearing": 201.7
  },
  "attitash": {
    "center": [
      -71.219507,
      44.108463
    ],
    "zoom": 11.5,
    "pitch": 58.6,
    "bearing": 165.3
  },
  "banff_sunshine": {
    "center": [
      -115.768458,
      51.091987
    ],
    "zoom": 12.5,
    "pitch": 69.8,
    "bearing": 131.2
  },
  "bear_mountain": {
    "center": [
      -116.875304,
      34.234391
    ],
    "zoom": 12.5,
    "pitch": 64.3,
    "bearing": 183.9
  },
  "beaver_creek": {
    "center": [
      -106.528814,
      39.599822
    ],
    "zoom": 12.5,
    "pitch": 64.7,
    "bearing": 193.8
  },
  "big_boulder": {
    "center": [
      -75.627258,
      41.079424
    ],
    "zoom": 12.5,
    "pitch": 69.1,
    "bearing": 182.0
  },
  "big_sky": {
    "center": [
      -111.395608,
      45.276408
    ],
    "zoom": 11.5,
    "pitch": 61.0,
    "bearing": 238.9
  },
  "blue_mountain": {
    "center": [
      -80.323295,
      44.491224
    ],
    "zoom": 11.5,
    "pitch": 66.8,
    "bearing": 217.5
  },
  "boston_mills": {
    "center": [
      -81.539852,
      41.246872
    ],
    "zoom": 12.5,
    "pitch": 55.0,
    "bearing": 226.3
  },
  "boyne_mountain": {
    "center": [
      -84.944248,
      45.163614
    ],
    "zoom": 13.5,
    "pitch": 60.4,
    "bearing": 201.0
  },
  "brandywine": {
    "center": [
      -81.539852,
      41.246872
    ],
    "zoom": 12.5,
    "pitch": 55.0,
    "bearing": 244.9
  },
  "breckenridge": {
    "center": [
      -106.066387,
      39.470733
    ],
    "zoom": 10.5,
    "pitch": 58.9,
    "bearing": 228.3
  },
  "brighton": {
    "center": [
      -111.579799,
      40.606135
    ],
    "zoom": 11.5,
    "pitch": 58.8,
    "bearing": 181.3
  },
  "buttermilk": {
    "center": [
      -106.871651,
      39.200122
    ],
    "zoom": 11.5,
    "pitch": 63.7,
    "bearing": 202.8
  },
  "chamonix": {
    "center": [
      6.888204,
      45.916057
    ],
    "zoom": 11.5,
    "pitch": 68.8,
    "bearing": 339.5
  },
  "copper_mountain": {
    "center": [
      -106.135438,
      39.490082
    ],
    "zoom": 11.5,
    "pitch": 60.1,
    "bearing": 206.5
  },
  "coronet_peak": {
    "center": [
      168.738201,
      -44.922286
    ],
    "zoom": 13.5,
    "pitch": 58.1,
    "bearing": 355.0
  },
  "crans_montana": {
    "center": [
      7.462269,
      46.306664
    ],
    "zoom": 10.5,
    "pitch": 67.0,
    "bearing": 308.2
  },
  "crested_butte": {
    "center": [
      -106.961861,
      38.902767
    ],
    "zoom": 10.5,
    "pitch": 57.0,
    "bearing": 184.5
  },
  "crotched": {
    "center": [
      -71.871964,
      43.007664
    ],
    "zoom": 13.5,
    "pitch": 55.8,
    "bearing": 182.2
  },
  "crystal_mountain_wa": {
    "center": [
      -121.493451,
      46.931017
    ],
    "zoom": 12.5,
    "pitch": 71.5,
    "bearing": 255.9
  },
  "cypress": {
    "center": [
      -123.191638,
      49.392002
    ],
    "zoom": 12.5,
    "pitch": 64.9,
    "bearing": 324.6
  },
  "deer_valley": {
    "center": [
      -111.494331,
      40.637378
    ],
    "zoom": 11.5,
    "pitch": 64.4,
    "bearing": 212.4
  },
  "eldora": {
    "center": [
      -105.581725,
      39.93355
    ],
    "zoom": 12.5,
    "pitch": 59.0,
    "bearing": 239.3
  },
  "falls_creek": {
    "center": [
      147.299478,
      -36.8798
    ],
    "zoom": 12.5,
    "pitch": 57.5,
    "bearing": 290.0
  },
  "fernie": {
    "center": [
      -115.121902,
      49.472816
    ],
    "zoom": 11.5,
    "pitch": 63.8,
    "bearing": 256.3
  },
  "grandvalira": {
    "center": [
      1.641162,
      42.557472
    ],
    "zoom": 11.5,
    "pitch": 55.9,
    "bearing": 181.9
  },
  "hakuba_47": {
    "center": [
      137.834166,
      36.688856
    ],
    "zoom": 11.5,
    "pitch": 75,
    "bearing": 241.3
  },
  "hakuba_cortina": {
    "center": [
      137.856447,
      36.751241
    ],
    "zoom": 11.5,
    "pitch": 65.5,
    "bearing": 280.8
  },
  "hakuba_happo-one": {
    "center": [
      137.838077,
      36.707771
    ],
    "zoom": 11.5,
    "pitch": 75,
    "bearing": 241.5
  },
  "hakuba_iwatake": {
    "center": [
      137.845272,
      36.712862
    ],
    "zoom": 11.5,
    "pitch": 75,
    "bearing": 252.8
  },
  "hakuba_norikura_": {
    "center": [
      137.851995,
      36.74246
    ],
    "zoom": 11.5,
    "pitch": 67.3,
    "bearing": 275.1
  },
  "heavenly": {
    "center": [
      -119.91196,
      38.939719
    ],
    "zoom": 12.5,
    "pitch": 62.8,
    "bearing": 187.2
  },
  "hidden_valley_mo": {
    "center": [
      -90.661432,
      38.52502
    ],
    "zoom": 13.5,
    "pitch": 55.0,
    "bearing": 179.5
  },
  "hidden_valley_resort_pa": {
    "center": [
      -79.276433,
      40.051588
    ],
    "zoom": 11.5,
    "pitch": 65.7,
    "bearing": 182.3
  },
  "hotham": {
    "center": [
      147.156594,
      -36.993769
    ],
    "zoom": 11.5,
    "pitch": 55.4,
    "bearing": 231.8
  },
  "hunter": {
    "center": [
      -74.180613,
      42.195294
    ],
    "zoom": 11.5,
    "pitch": 55,
    "bearing": 214.7
  },
  "jack_frost": {
    "center": [
      -75.627258,
      41.079584
    ],
    "zoom": 12.5,
    "pitch": 69.1,
    "bearing": 181.5
  },
  "jackson_hole": {
    "center": [
      -110.848438,
      43.5813
    ],
    "zoom": 11.5,
    "pitch": 63.6,
    "bearing": 303.7
  },
  "jiigatake": {
    "center": [
      137.81616,
      36.593357
    ],
    "zoom": 12.5,
    "pitch": 71.3,
    "bearing": 269.3
  },
  "june_mountain": {
    "center": [
      -119.074517,
      37.75502
    ],
    "zoom": 13.5,
    "pitch": 64.3,
    "bearing": 155.4
  },
  "kashimayari": {
    "center": [
      137.826033,
      36.617157
    ],
    "zoom": 11.5,
    "pitch": 75,
    "bearing": 253.1
  },
  "keystone": {
    "center": [
      -105.909869,
      39.612084
    ],
    "zoom": 11.5,
    "pitch": 73.9,
    "bearing": 151.9
  },
  "kicking_horse": {
    "center": [
      -117.070004,
      51.296828
    ],
    "zoom": 12.5,
    "pitch": 68.6,
    "bearing": 223.7
  },
  "killington": {
    "center": [
      -72.803032,
      43.626942
    ],
    "zoom": 11.5,
    "pitch": 62.4,
    "bearing": 220.1
  },
  "kimberley": {
    "center": [
      -116.026135,
      49.679246
    ],
    "zoom": 12.5,
    "pitch": 64.1,
    "bearing": 243.5
  },
  "kirkwood": {
    "center": [
      -120.064658,
      38.673846
    ],
    "zoom": 12.5,
    "pitch": 60.9,
    "bearing": 214.8
  },
  "kitzski": {
    "center": [
      12.391393,
      47.450857
    ],
    "zoom": 11.5,
    "pitch": 62.2,
    "bearing": 171.4
  },
  "lake_louise": {
    "center": [
      -116.158365,
      51.444509
    ],
    "zoom": 11.5,
    "pitch": 59.6,
    "bearing": 338.2
  },